strategy	regret
uniform	156.33285960332282
just-0	0.0
just-1	70.33617895670474
just-2	398.6623998532638
actual	41.62001778521517
