asset	estimated_return
AAPL	0.01544202290202715
SPY	0.019666495216709354
TSLA	0.025312903732127173
MU	0.03284618432501007
AXP	0.03858580966579799
COST	0.02594858090457074
