asset	allocation
AAPL	1.0027377521177744e-10
SPY	3.898493961137518e-11
TSLA	1.6666086213926575e-10
MU	1.2717299064230922e-08
AXP	0.9999999867253528
COST	2.514283176434667e-10
