asset	allocation
AAPL	0.14136969198280575
SPY	0.8586303080171942
TSLA	-6.928575159436388e-21
MU	-8.2314864692182e-20
AXP	-3.9809015106525144e-20
COST	-3.0294281404211227e-20
