state	expected_discomfort
exposed-1	3.413333299117216
exposed-2	4.266666635884465
exposed-3	5.3333333056509495
recovered	-0.0
symptoms-1	6.666666641781152
symptoms-2	4.999999998431083
symptoms-3	1.6666666666178556
