state	expected_discomfort
exposed-1	1.5091147486103809
exposed-2	2.095992716280231
exposed-3	2.911101003804875
recovered	-0.0
symptoms-1	4.043195846760861
symptoms-2	3.688823957850617
symptoms-3	1.3513513513016373
