state	expected_sick_days
exposed-1	2.9999999998898796
exposed-2	3.999999999842154
exposed-3	5.999999999773806
recovered	-0.0
symptoms-1	9.99999999967595
symptoms-2	6.666666666649252
symptoms-3	3.3333333333328694
