state	expected_discomfort
exposed-1	0.6793567824194522
exposed-2	1.3724379481163385
exposed-3	2.7726019212790063
recovered	-0.0
symptoms-1	5.601216011635895
symptoms-2	4.312376282334069
symptoms-3	1.4563106795457372
