mean	std
-0.12944308652174288	0.25535965862586685
