best_profit	one_std_profit
146195.35570970387	82650.48360281347
